,time_list,x,y,psi,u,v,r,Î´,npm,X_H_ref,X_R_ref,X_P_ref,Y_H_ref,Y_R_ref,N_H_ref,N_R_ref,x_bow,y_bow,x_stern,y_stern
0,0,29.13046166666667,-3.5466083333333334,2.3176555733789503,0.2325222031722288,0.05535914078130484,0.0,-0.6108652381980153,9.0,-0.37132503457098504,-3.1417838009192502,3.9058400706481278,-1.4997028010263873,4.486932272897492,-1.8682430049673218,-8.931405234723504,27.941621308481512,-2.2624126306656342,30.319302024851826,-4.830804036001032
1,1,29.13046166666667,-3.5466083333333334,2.3176555733789503,0.2325222031722288,0.05535914078130484,-0.09388968721341806,-0.6108652381980153,9.0,-1.3635248676003269,-3.156565259947176,3.548254784659508,-8.977735723167177,4.508042384144964,9.582889467101028,-8.973425694724678,27.941621308481512,-2.2624126306656342,30.319302024851826,-4.830804036001032
2,2,28.931876666666668,-3.4135850000000003,2.2237658861655323,0.22272306211732046,0.06524344710370139,-0.0930525932279953,-0.6108652381980153,9.0,-1.425130188305449,-3.0998848002837973,3.5910499639050046,-9.602236932334035,4.427094298655484,9.413882856611332,-8.812295525934605,27.868668100640573,-2.0235894801767405,29.995085232692762,-4.80358051982326
3,3,28.74474,-3.276318333333333,2.130713292937537,0.21323249490654828,0.06968672800737326,-0.08671813498102088,-0.6108652381980153,9.0,-1.3346071968746729,-3.0680448258695896,3.6382752545647135,-9.113513228863715,4.381622102661113,8.302411332992206,-8.72178143197521,27.81528727084791,-1.7935447079030273,29.67419272915209,-4.759091958763639
4,4,28.572443333333332,-3.1326583333333335,2.043995157956516,0.20787443447336143,0.06126827940969007,-0.08315739933791821,-0.6108652381980153,9.0,-1.1890053171863202,-3.065535608179354,3.6677565821559748,-7.96336813005255,4.3780385684183205,7.593772479222951,-8.714648274051651,27.774905438585243,-1.574957044112328,29.36998122808142,-4.69035962255434
5,5,28.42317166666667,-2.9755483333333332,1.9608377586185979,0.22245741847168438,0.056973139409167005,-0.09547965626939847,-0.6108652381980153,9.0,-1.3771543849816557,-3.1027877386784266,3.5930748345219556,-9.20624740255817,4.431240124337468,9.786356365938152,-8.820547945838957,27.757774879601268,-1.3569850457961912,29.08856845373207,-4.594111620870475
6,6,28.285893333333334,-2.7914616666666667,1.8653581023491994,0.2215500883871718,0.07752169599231587,-0.0958414205029321,-0.6108652381980153,9.0,-1.58678255499188,-3.0675049645728696,3.5929328624575136,-11.085189868242633,4.380851100826285,10.101331995098452,-8.720246724205012,27.77783240910292,-1.1168351120969213,28.793954257563747,-4.466088221236412
7,7,28.14739,-2.60196,1.7695166818462673,0.21458547111248985,0.07740425139909073,-0.09110029163371003,-0.6108652381980153,9.0,-1.478231158740114,-3.0493677552483724,3.628339610257819,-10.380828110532997,4.35494848148164,9.200329385347215,-8.66868659894856,27.801913695343895,-0.8863999972833478,28.492866304656108,-4.317520002716652
8,8,28.029146666666666,-2.4068783333333332,1.6784163902125573,0.1947921262759452,0.06279687745958362,-0.0830341805320658,-0.6108652381980153,9.0,-1.1637300639915493,-3.0041646098462063,3.7285805246765067,-7.9789619038955815,4.290391699477063,7.52781695275862,-8.540183928156015,27.84117489720192,-0.6670028740304863,28.21711843613141,-4.14675379263618
9,9,27.94579,-2.2199583333333335,1.5953822096804915,0.19456256463258975,0.06028854305873772,0.0,-0.6108652381980153,9.0,-0.26940399997180425,-3.0540547647015894,3.9912071169100294,-1.5179168227219744,4.361642224689833,-1.7561708038110648,-8.682010743262186,27.90276903937127,-0.4704872141242791,27.988810960628726,-3.969429452542388
10,10,27.880736666666664,-2.0269366666666664,1.5953822096804915,0.19657079008196374,0.05097135821983316,-0.0872861946918011,-0.6108652381980153,9.0,-1.1226603579888708,-3.0160718658432786,3.720653998846937,-7.558466407949888,4.307397023395049,8.12499133759248,-8.574033656616747,27.837715706037937,-0.277465547457612,27.92375762729539,-3.776407785875721
11,11,27.82494833333333,-1.8316783333333333,1.5080960149886904,0.19240009915764897,0.048430811011563574,-0.0861066828811996,-0.6108652381980153,9.0,-1.0708127091137367,-3.0043810875623174,3.741374748208395,-7.206851898769481,4.29070086169583,7.886080253938821,-8.540799327027928,27.93460199858647,-0.08511711949153011,27.715294668080194,-3.5782395471751363
12,12,27.788668333333334,-1.6366216666666666,1.4219893321074908,0.1920248813233224,0.046420648931357035,-0.08666797554456451,-0.6108652381980153,9.0,-1.0579506481870398,-3.003780058991143,3.743311645502116,-7.117253302262905,4.289842503939912,7.9667388807900075,-8.539090734054332,28.048120563537854,0.09403847912796626,27.529216103128814,-3.3672818124612993
13,13,27.771230000000003,-1.4398366666666667,1.3353213565629263,0.1906829260444549,0.04785967574427543,-0.09127122864918302,-0.6108652381980153,9.0,-1.1342501047329379,-2.981339636165673,3.7473995341171626,-7.734429443070293,4.257794258811267,8.753026044258036,-8.47529751256208,28.17951353053782,0.2618697000992256,27.362946469462184,-3.141543033432559
14,14,27.769178333333333,-1.24325,1.2440501279137433,0.1868134799766424,0.05219863843599923,-0.08642449045638845,-0.6108652381980153,9.0,-1.0978620447001204,-2.972829369352658,3.7668588522715085,-7.492260535506507,4.245640338225416,7.934607746486891,-8.451104682507886,28.330863731793695,0.41416048420613794,27.20749293487297,-2.9006604842061376
15,15,27.779701666666668,-1.0495666666666668,1.1576256374573548,0.187697486446011,0.050106401078822846,-0.08558090556142872,-0.6108652381980153,9.0,-1.0681777538833668,-2.9824948451321958,3.763365057962024,-7.242481386146104,4.259444068194178,7.781067073315241,-8.478581519376228,28.482353309828923,0.5531749433133646,27.077050023504412,-2.652308276646698
16,16,27.809175000000003,-0.8575450000000001,1.072044731895926,0.1859938304921259,0.05081683936757953,-0.08564375365373067,-0.6108652381980153,9.0,-1.071667595895369,-2.9736120956045893,3.7712652054542573,-7.292956301190062,4.246758187161936,7.788020763687036,-8.45332980230824,28.64625177680546,0.6792706915300509,26.972098223194546,-2.3943606915300513
17,17,27.853514999999998,-0.6699016666666666,0.9864009782421954,0.18329637985304661,0.054092226202528716,-0.08189616308432557,-0.6108652381980153,9.0,-1.0419516156673834,-2.9685054442786027,3.7849284994737142,-7.106124340223452,4.2394651332496025,7.197707352786479,-8.438812707792863,28.81898155834756,0.7896785211656128,26.888048441652437,-2.129481854498946
18,18,27.909523333333333,-0.4871816666666667,0.9045048151578698,0.1838805595876608,0.05110161983902918,-0.08371822747681845,-0.6108652381980153,9.0,-1.0421189523239305,-2.9697580737790163,3.781963838239214,-7.087179110157042,4.2412540735738045,7.464380660436683,-8.442373659909903,28.991154460838512,0.8885269158506761,26.827892205828153,-1.8628902491840094
19,19,27.98300333333333,-0.31104499999999996,0.8207865876810514,0.18219594082911555,0.04991663320371182,-0.07640205679030698,-0.6108652381980153,9.0,-0.9285893379916151,-2.986173159301142,3.793747471123081,-6.215118626611588,4.264697245242729,6.315864831521795,-8.489038163278291,29.17588363381968,0.9693989029928618,26.790123032846978,-1.5914889029928618
20,20,28.070673333333332,-0.14371,0.7443845308907444,0.18064989449915766,0.05263895650982252,-0.07599913408741354,-0.6108652381980153,9.0,-0.9422602765284069,-2.976896762281392,3.8003968349741464,-6.351749122543819,4.251449177329225,6.267974321121091,-8.462667392355948,29.35780714254426,1.041948701813537,26.783539524122403,-1.329368701813537
21,21,28.16787833333333,0.0174,0.6683853968033309,0.18147795770951528,0.050724220398430504,-0.07746296567336808,-0.6108652381980153,9.0,-0.9477286036122899,-2.9787998541929617,3.796227255337992,-6.374866497507947,4.25416707424938,6.474730720750967,-8.468077467058155,29.54131909033597,1.101909330067755,26.79443757633069,-1.0671093300677548
22,22,28.278871666666667,0.169675,0.5909224311299628,0.18025659148031475,0.05857122890700294,-0.07008638676367696,-0.6108652381980153,9.0,-0.9078093016361654,-2.9843862869851083,3.8042128203573875,-6.156041677214733,4.262145327106283,5.472584452148753,-8.483958475505844,29.73211912829569,1.144647725397386,26.825624205037645,-0.805297725397386
23,23,28.39593,0.31874,0.5208360443662858,0.19171720702344658,0.06297392059871483,-0.08098634111104719,-0.6108652381980153,9.0,-1.1258668877001627,-2.996281022564183,3.743975168995745,-7.735867377098903,4.279132770014264,7.188770600383096,-8.517772611152452,29.913886059543408,1.1895496240255117,26.87797394045659,-0.5520696240255117
24,24,28.53089,0.4687633333333333,0.43984970325523864,0.190334138338661,0.06572432043596411,-0.07953188077016415,-0.6108652381980153,9.0,-1.121704894837206,-2.990496179996469,3.7506304452012147,-7.777625755400029,4.2708711586318655,6.990511812283674,-8.501327567042093,30.114317423053034,1.2139194216286848,26.947462576946965,-0.2763927549620182
25,25,28.67512166666667,0.6092766666666667,0.3603178224850745,0.18829899055446442,0.06622011502516846,-0.07679673026519085,-0.6108652381980153,9.0,-1.0786563108732066,-2.989036754353046,3.761355133278375,-7.490555315574325,4.2687868828082225,6.565932424618903,-8.497178738651181,30.312745094210925,1.226277079598625,27.037498239122414,-0.007723746265291709
26,26,28.827981666666666,0.7376333333333334,0.28352109221988364,0.17680528140481913,0.06443500657964077,-0.07357706646919926,-0.6108652381980153,9.0,-0.986684336910245,-2.950398881373133,3.8171095667321917,-6.9327721974039225,4.213606281527205,6.03418464713651,-8.387339703613058,30.50811538237719,1.2271746465365676,27.14784795095614,0.24809202013009912
27,27,28.979703333333333,0.8489549999999999,0.20994402575068438,0.17687101595972163,0.060918447005795115,-0.0716280004593095,-0.6108652381980153,9.0,-0.9359992577324905,-2.9618256186963072,3.8183338755672467,-6.46135472962126,4.229925353658862,5.704302757946419,-8.419823422420873,30.691277851095542,1.2136640212032828,27.268128815571124,0.48424597879671716
28,28,29.139995,0.9453966666666667,0.13831602529137488,0.1782627395819289,0.06503640851322823,-0.07670252684279033,-0.6108652381980153,9.0,-1.0401077909177179,-2.94613499570603,3.808980770542938,-7.337725131402371,4.207516821710755,6.5167925490575405,-8.37521840782043,30.873281763538603,1.1866786497111224,27.406708236461395,0.704114683622211
29,29,29.307588333333328,1.03439,0.06161349844858455,0.17856362864822006,0.06479631485220494,-0.0760660928366601,-0.6108652381980153,9.0,-1.0300052905898933,-2.9498557638467777,3.8078092785690862,-7.247522954583838,4.212830629314514,6.415929634278963,-8.385795739093112,31.0542676887329,1.1421454148102728,27.560908977933757,0.9266345851897271
30,30,29.48182333333333,1.1100583333333334,-0.014452594388075557,0.1778647012137212,0.0665791368801838,-0.07432991484951845,-0.6108652381980153,9.0,-1.0145092739899098,-2.9495298130557055,3.8114855754957713,-7.187250328575217,4.2123651233419475,6.179883989798635,-8.384869132176114,31.23164056871567,1.0847671736346274,27.732006097950993,1.1353494930320394
31,31,29.660631666666667,1.17406,-0.08878250923759401,0.17900657492083397,0.06673127564344113,-0.0804960521713185,-0.6108652381980153,9.0,-1.1108118689179896,-2.934681401776339,3.804112350402214,-7.924194196767455,4.191159394370034,7.144666306308276,-8.34265834154531,31.403739153672447,1.0188946406429713,27.917524179660887,1.329225359357029
32,32,29.84485,1.2246566666666667,-0.1692785614089125,0.17581019767627892,0.06385500734062409,-0.08084737452845037,-0.6108652381980153,9.0,-1.0862375224057763,-2.923607840816675,3.819651863104823,-7.719004317412628,4.175344710357952,7.148554788139255,-8.311178626011337,31.569836488905903,0.9298319507894293,28.1198635110941,1.5194813825439042
33,33,30.028904999999998,1.2579800000000003,-0.2501259359373629,0.17586118319909533,0.07203174887917604,-0.08554399261818846,-0.6108652381980153,9.0,-1.2171905679841202,-2.895349634273657,3.8180115094777536,-9.019929897666595,4.134987809009434,8.108758760889963,-8.230846715913524,31.724447199711154,0.8248095381738791,28.333362800288842,1.6911504618261215
34,34,30.217123333333333,1.28424,-0.33566992855555133,0.18743667542053896,0.07748650919543555,-0.09039329844071142,-0.6108652381980153,9.0,-1.3740770266157394,-2.923430605638716,3.760563195630102,-10.205513824895343,4.1750915922918255,9.084455660528407,-8.3106747851055,31.869455563599452,0.7077868789018507,28.564791103067215,1.8606931210981494
35,35,30.41962333333333,1.2956599999999998,-0.42606322699626276,0.18206155917297523,0.07277335834902174,-0.0830283205125939,-0.6108652381980153,9.0,-1.2011547831455365,-2.930783000268456,3.7882708135951844,-8.767211770396457,4.185591900027069,7.681375319107958,-8.331576037401918,32.013173031471965,0.5724039184063054,28.826073635194696,2.0189160815936944
36,36,30.615485,1.2866833333333334,-0.5090915475088567,0.1828783907470597,0.07897161536829331,-0.0836056692285041,-0.6108652381980153,9.0,-1.2512932785043362,-2.9226956214720303,3.783766072647089,-9.409408751602149,4.174041926119187,7.919530419871363,-8.308585385627454,32.143563358255655,0.4337609857361414,29.087406641744344,2.1396056809305253
37,37,30.81366166666667,1.2665083333333333,-0.5926972167373608,0.16670825740602324,0.06142913954198107,-0.07571757181593108,-0.6108652381980153,9.0,-0.9693092298118066,-2.9035523330391504,3.8647009172043525,-6.9019164773689,4.14670247690128,6.29827009295632,-8.25416519717616,32.26517647287815,0.28895794212640136,29.36214686045518,2.2440587245402654
38,38,30.98625,1.2243366666666666,-0.6684147885532918,0.16538479938820952,0.06961518802347902,-0.07303650071683165,-0.6108652381980153,9.0,-0.9756009607490883,-2.893656585438947,3.8709188354343147,-7.240765617338006,4.132569884690826,6.044354061843903,-8.226033747809053,32.35965888078235,0.13978696924004197,29.612841119217652,2.3088863640932913
39,39,31.159188333333333,1.176475,-0.7414512892701235,0.1700674368650972,0.0702200968093504,-0.0815566504084928,-0.6108652381980153,9.0,-1.1234374691424625,-2.885429859457433,3.846801115543121,-8.335430991818821,4.120820902378313,7.399791011316293,-8.202646962418399,32.44979442382369,-0.005403132122427934,29.868582242842976,2.358353132122428
40,40,31.332035,1.113405,-0.8230079396786163,0.1627435428946389,0.059431222377821,-0.06857560493777193,-0.6108652381980153,9.0,-0.847936691211531,-2.9120546092282353,3.8858820243972585,-5.969383427609252,4.158844985693492,5.230664426514415,-8.278335311631535,32.522068043127966,-0.1696855487390947,30.142001956872036,2.396495548739095
41,41,31.48627833333333,1.0344966666666666,-0.8915835446163882,0.16782570336986752,0.07565984405414837,-0.07510636754211397,-0.6108652381980153,9.0,-1.043914281343474,-2.888057005327397,3.858346117959668,-8.00029898795211,4.124572855515923,6.484946090158818,-8.210115364403448,32.58559457608662,-0.32712141430126573,30.38696209058004,2.396114747634599
42,42,31.650571666666664,0.9514450000000001,-0.9666899121585022,0.16305871340882017,0.061550408571751807,-0.07001318566223969,-0.6108652381980153,9.0,-0.8809228653029934,-2.905701492604213,3.8836117651083746,-6.274029061516322,4.149771794850294,5.462536612465579,-8.260274788480324,32.64461869519361,-0.48882251163690205,30.65652463813972,2.3917125116369022
43,43,31.79385,0.8522083333333332,-1.0367030978207419,0.16290434814623908,0.06542130898215996,-0.06458451375273722,-0.6108652381980153,9.0,-0.8280257851305276,-2.916201643561573,3.88574539581241,-5.988570600632352,4.164767564510539,4.773738018233775,-8.29012442460058,32.68470633571182,-0.6540701897566372,30.902993664288175,2.358486856423304
44,44,31.933088333333338,0.7452949999999999,-1.101287611573479,0.16725306017943922,0.07295432234967829,-0.07349114902878373,-0.6108652381980153,9.0,-1.0048391499477038,-2.8951497469155236,3.861599120884345,-7.5731499800961215,4.134702340277343,6.177143802867779,-8.230278479806296,32.72487271275635,-0.8153386842775495,31.141303953910327,2.3059286842775495
45,45,32.07382166666667,0.6291483333333333,-1.1747787606022628,0.16455751189505624,0.05536398993647287,-0.06812395166135321,-0.6108652381980153,9.0,-0.8206100737678066,-2.927196123113178,3.8783221512673287,-5.650346723032425,4.18046930856733,5.1217282943789435,-8.32137932896145,32.74887926583177,-0.9854095745192945,31.39876406750157,2.243706241185961
46,46,32.18837833333333,0.49868333333333337,-1.242902712263616,0.16507194760337138,0.07387799413362191,-0.0756470744034381,-0.6108652381980153,9.0,-1.0348387892222506,-2.8768801825590904,3.8716512524180637,-7.910225768212567,4.108610698357656,6.539040389210669,-8.178342098098101,32.75196510035769,-1.1580815733553111,31.624791566308975,2.155448240021978
47,47,32.311481666666666,0.3661983333333334,-1.3185497866670541,0.16512689712816495,0.06716477487279371,-0.07711220210868852,-0.6108652381980153,9.0,-1.0217163618064018,-2.8830204920897473,3.8715463895439646,-7.5203007948241725,4.117379969174642,6.62281389455783,-8.195797657156264,32.748246725716555,-1.3284214715766496,31.87471660761678,2.0608181382433166
48,48,32.41773333333333,0.22305999999999998,-1.3956619887757427,0.158559847781564,0.06251542144710219,-0.07386234191828223,-0.6108652381980153,9.0,-0.9278408816632909,-2.8721806339741764,3.9039856500501293,-6.757288981939313,4.101899047413523,6.04054472934918,-8.16498230777139,32.72265407224424,-1.5001704961850073,32.11281259442242,1.9462904961850074
49,49,32.506919999999994,0.07781833333333332,-1.4695243306940249,0.1601216853316797,0.07556569857040867,-0.0825963173858888,-0.6108652381980153,9.0,-1.1360726242220394,-2.8288538889404045,3.8949172280595645,-8.968749260035725,4.040022042854917,7.758238627098878,-8.041813833452776,32.68384320968032,-1.6632153188045025,32.32999679031967,1.818851985471169
50,50,32.598286666666674,-0.07384333333333337,-1.5521206480799137,0.16101682668598136,0.06133543895008,-0.07568385629894081,-0.6108652381980153,9.0,-0.9529089474412336,-2.8787996921889314,3.8919524712257627,-6.876581497378998,4.111352042209436,6.291975194079842,-8.183798844788008,32.63096720461561,-1.8235381588498774,32.56560612871774,1.6758514921832104
51,51,32.66261833333334,-0.23368666666666668,-1.6278045043788545,0.15625435514420682,0.0670351856085897,-0.07981716965138741,-0.6108652381980153,9.0,-1.0351309503395112,-2.8350809960610834,3.9141397909889166,-7.840310714717145,4.048915273477085,7.080719980134202,-8.05951613910428,32.56290805165731,-1.9808437459609372,32.76232861500937,1.513470412627604
52,52,32.720641666666666,-0.39350666666666656,-1.707621674030242,0.16888483231502993,0.0632720326582135,-0.0886884714030689,-0.6108652381980153,9.0,-1.1829845159861216,-2.8673333999602004,3.8520294246316276,-8.642416851687072,4.094976479818251,8.479521018582602,-8.151202680021804,32.48194372328735,-2.1271511780433463,32.95933961004598,1.3401378447100134
53,53,32.760286666666666,-0.5694433333333333,-1.7963101454333108,0.16762119785205534,0.07012183777839684,-0.08696225950743752,-0.6108652381980153,9.0,-1.2015838240950318,-2.8564558852423385,3.8581351569135873,-9.037531110695351,4.079441778855628,8.33976166019819,-8.120280281140163,32.36897406659767,-2.2751321821645742,33.15159926673566,1.1362455154979074
54,54,32.791151666666664,-0.7484999999999999,-1.8832724049407483,0.16239634552022064,0.07559029858027427,-0.0809049864845468,-0.6108652381980153,9.0,-1.116720174483531,-2.844617375176842,3.8839537979235192,-8.73823000744225,4.062534634302793,7.454944413714373,-8.086625982349979,32.25317410202685,-2.4137567789816123,33.32912923130648,0.9167567789816125
55,55,32.813158333333334,-0.9262699999999999,-1.9641773914252951,0.1531112582069014,0.06433891231655486,-0.078444691496391,-0.6108652381980153,9.0,-0.9896031632897407,-2.8302927552292485,3.9295710387977394,-7.442838742363875,4.042076956877299,6.804400308473998,-8.045904216088426,32.14235985989177,-2.5426020846993262,33.4839568067749,0.6900620846993264
56,56,32.81389333333333,-1.0923483333333333,-2.042622082921686,0.1455485254943896,0.07508199783324403,-0.07762005555726414,-0.6108652381980153,9.0,-1.000948668583651,-2.782671245346966,3.966101052189431,-8.306676377699471,3.974066392460867,7.002398701633427,-7.910526663207922,32.01849503047808,-2.6511432331886606,33.60929163618859,0.4664465665219941
57,57,32.797311666666666,-1.25528,-2.1202421384789503,0.14033724259398575,0.0810057538903175,-0.07734719672676249,-0.6108652381980153,9.0,-0.9874358467866422,-2.7512495748075505,3.9913649720643565,-8.862158168695709,3.929191596311494,7.194196688564915,-7.821201715814224,31.88343595993564,-2.7477046019973237,33.71118737339769,0.2371446019973238
58,58,32.77601833333334,-1.4159133333333334,-2.1975893352057128,0.1396288480522767,0.07744069002888691,-0.07189593644654035,-0.6108652381980153,9.0,-0.8934393090534627,-2.7725443793817095,3.995000966760304,-7.800823023345827,3.9596037290180415,6.193637718903492,-7.881738194801225,31.749555141475692,-2.833260614616721,33.802481525190984,0.0014339479500542485
59,59,32.7402,-1.57151,-2.269485271652253,0.13753871980266738,0.07475647637896511,-0.07018097996712491,-0.6108652381980153,9.0,-0.8550070018307677,-2.7738700127894056,4.005217181863326,-7.354350365643331,3.9614969297269136,5.867884570602508,-7.885506681083879,31.61457482873451,-2.911460735591999,33.86582517126549,-0.2315592644080009
60,60,32.69294166666667,-1.7207483333333333,-2.339666251619378,0.13227119174070548,0.07877748560516573,-0.06584064471688311,-0.6108652381980153,9.0,-0.7705226095783262,-2.759317284622598,4.0307753041396746,-7.1948153825956265,3.9407134800028274,5.370274297703008,-7.8441364529699955,31.476125539448656,-2.9784679016561597,33.90975779388468,-0.4630287650105067
61,61,32.641954999999996,-1.8660133333333335,-2.405506896336261,0.12935452961492575,0.0756931629547933,-0.06322130184062491,-0.6108652381980153,9.0,-0.7203822142709574,-2.7609924737637397,4.044980042126809,-6.628568890991281,3.943105898035665,4.932722360728844,-7.8488986498659,31.345026112521126,-3.040949697917741,33.938883887478866,-0.6910769687489262
62,62,32.58206,-2.003398333333333,-2.468728198176886,0.12838187957074793,0.07581686973735517,-0.06436979661456554,-0.6108652381980153,9.0,-0.7328162661046829,-2.7528783688195873,4.049599322193206,-6.778122564976732,3.9315177552331773,5.108954478138497,-7.825832021489978,31.21349058454515,-3.0940484858027513,33.95062941545485,-0.9127481808639151
63,63,32.514491666666665,-2.136306666666667,-2.5330979947914516,0.12390309730400673,0.07933455962375877,-0.06062720922500908,-0.6108652381980153,9.0,-0.6543464132518476,-2.7406938149489326,4.071235251840306,-6.658463461106042,3.9141164089097598,4.709589540891519,-7.791193995731714,31.078600129467365,-3.1366643493979147,33.95038320386596,-1.135948983935419
64,64,32.44413333333333,-2.2655183333333335,-2.5937252040164607,0.12880930344017322,0.08418770082072152,-0.061468458987134156,-0.6108652381980153,9.0,-0.6794293488768988,-2.750105706418091,4.047571419826513,-7.16069372374117,3.9275579829511122,4.908079774163525,-7.817949947784078,30.95026816412931,-3.177037316261848,33.937998502537354,-1.353999350404819
65,65,32.36371666666667,-2.3967150000000004,-2.655193663003595,0.12572256128873863,0.08175995710478873,-0.0644318996287998,-0.6108652381980153,9.0,-0.7144218972333345,-2.731439332145086,4.062336107676929,-7.32149733237447,3.9008996377400176,5.3101304134505884,-7.764885522139499,30.816678407320282,-3.214744720803899,33.910754926013055,-1.5786852791961017
66,66,32.27735666666667,-2.5193233333333334,-2.7196255626323946,0.12536821096078407,0.08408699620329299,-0.0688049373235895,-0.6108652381980153,9.0,-0.774791744021781,-2.7113411927552695,4.0639360698817715,-8.104637889838015,3.8721965200312254,6.061366143223621,-7.707750900940583,30.680857790044357,-3.2360459693255965,33.87385554328898,-1.8026006973410702
67,67,32.18434166666667,-2.6382183333333336,-2.788430499955984,0.10925928810085522,0.07747720144823725,-0.05823859251808283,-0.6108652381980153,9.0,-0.5522839928132778,-2.6916795401004725,4.141460635219761,-6.307547406062552,3.844116769983022,4.48104394964032,-7.651857116208169,30.542345152089904,-3.243484759064808,33.826338181243436,-2.032951907601859
68,68,32.09737333333333,-2.740085,-2.846669092474067,0.10567186002409365,0.07753898735577297,-0.05988699214430948,-0.6108652381980153,9.0,-0.5563075195582639,-2.671607320282669,4.158577576263908,-6.537398541607196,3.815450669259336,4.758720380458463,-7.594796178692098,30.422930697461208,-3.248751746675678,33.771815969205456,-2.231418253324322
69,69,32.008158333333334,-2.8361033333333334,-2.9065560846183764,0.10424329261418899,0.07354315430379749,-0.061388714556853685,-0.6108652381980153,9.0,-0.5835899641841614,-2.6678183535959805,4.165391757398612,-6.387973209426771,3.8100394640381294,4.872558875721212,-7.584024973846692,30.306273138089015,-3.243640794443606,33.71004352857765,-2.4285658722230608
70,70,31.914258333333336,-2.9224633333333334,-2.96794479917523,0.1026167268024744,0.07455413137678471,-0.06656379232259102,-0.6108652381980153,9.0,-0.6465718877685058,-2.6424360668289686,4.173129758794387,-7.1511307328581015,3.7737898017852647,5.705609819636522,-7.511868675620885,30.19057648148973,-3.2248221824266006,33.63794018517694,-2.6201044842400663
71,71,31.816928333333333,-3.003798333333333,-3.034508591497821,0.0986431365643607,0.07253803636614123,-0.06528744269923248,-0.6108652381980153,9.0,-0.6135134452873927,-2.634378490570965,4.192078757268369,-6.852319006471359,3.7622823903132248,5.4997636121694615,-7.488962745954795,30.076952370848545,-3.190837500288112,33.55690429581812,-2.8167591663785543
72,72,31.718375,-3.076458333333333,-3.0997960341970536,0.09537479512671646,0.06930172944838832,-0.06472608851949602,-0.6108652381980153,9.0,-0.5977806271420684,-2.628961109344554,4.207634301852974,-6.538292726017289,3.7545455681129636,5.355511454314011,-7.473562314190552,29.96990336520007,-3.149581122531069,33.466846634799936,-3.0033355441355973
73,73,31.618759999999998,-3.1395133333333334,-3.1645221227165496,0.09301796387702696,0.06865896624747922,-0.06873775648357228,-0.6108652381980153,9.0,-0.6442779860251192,-2.60765428759105,4.218830546698811,-7.049542976133271,3.724116273095687,6.007355174404281,-7.4129916729870144,29.869220020329553,-3.099390278430445,33.36829997967044,-3.1796363882362217
74,74,31.517694999999996,-3.1956583333333333,-3.233259879200122,0.08850883624455087,0.06889957217228314,-0.0692959515332987,-0.6108652381980153,9.0,-0.6294516657822016,-2.587926739446417,4.240221703974744,-7.226648642710138,3.69594241453502,6.195457491210286,-7.356910561767432,29.775042373132656,-3.0354652558537962,33.260347626867336,-3.3558514108128703
75,75,31.417386666666665,-3.24585,-3.3025558307334206,0.08504578938114685,0.06504084520244534,-0.07145991720818667,-0.6108652381980153,9.0,-0.6516510527906897,-2.5742410396835087,4.256615318138319,-7.255362925129505,3.6763972096977517,6.499038317862352,-7.318005106061812,29.69000826249252,-2.965379237187238,33.14476507084081,-3.526320762812762
76,76,31.318201666666667,-3.286166666666667,-3.3740157479416073,0.08200716354983617,0.05792728462726796,-0.07125525947646771,-0.6108652381980153,9.0,-0.6410202392185999,-2.5755689061003455,4.270974858705795,-6.659752970925164,3.678293599474177,6.2804148866852465,-7.321779940301802,29.61525719597069,-2.8830784260468376,33.02114613736265,-3.689254907286496
77,77,31.221618333333332,-3.3135966666666667,-3.445271007418075,0.07853898892187623,0.05912090192249573,-0.07622312309020884,-0.6108652381980153,9.0,-0.695225570197959,-2.5442972162253197,4.287335211242263,-7.590559964955438,3.6336329979117012,7.3342612138280385,-7.232881355183774,29.55169308208681,-2.790290202680947,32.89154358457986,-3.8369031306523866
78,78,31.126033333333332,-3.3365566666666666,-3.521494130508284,0.07399998603589436,0.05574688940019602,-0.07416558399701145,-0.6108652381980153,9.0,-0.648539483219264,-2.539847415872754,4.308700379132743,-7.094619572359598,3.6272780244077847,6.955294651086624,-7.2202315445409315,29.500806276563736,-2.6876059644218566,32.75126039010293,-3.9855073689114766
79,79,31.03456666666667,-3.351306666666667,-3.5956597145052953,0.06990206504542062,0.049108020527860174,-0.07741361869882724,-0.6108652381980153,9.0,-0.6701712949524867,-2.525519836309487,4.327943761737444,-7.1358223955700515,3.606816120213066,7.547481416300777,-7.179501364738351,29.461893066309184,-2.5837144919158943,32.60724026702416,-4.1188988414174394
80,80,30.949256666666663,-3.3557900000000003,-3.6730733332041225,0.06928802553781023,0.04584880430240346,-0.08014776003438406,-0.6108652381980153,9.0,-0.6957420667588065,-2.5198961341140445,4.330823495936568,-7.301070037359181,3.5987846411321334,8.087585740018712,-7.163514407516086,29.44065588055917,-2.4688719270327972,32.45785745277416,-4.242708072967203
81,81,30.866288333333333,-3.3514083333333335,-3.7532210932385066,0.06742506880139199,0.047180882191297194,-0.08016306248609872,-0.6108652381980153,9.0,-0.6942080572687576,-2.5108678096412294,4.339554481858727,-7.500184947789615,3.585890857532061,8.207223306982087,-7.137848852669921,29.43353874339243,-2.3465558006081713,32.299037923274234,-4.356260866058496
82,82,30.784465000000004,-3.3426266666666664,-3.8333841557246053,0.07155405940689621,0.04630383862363729,-0.08000269081551004,-0.6108652381980153,9.0,-0.7017341436263455,-2.527851504184484,4.320191381379682,-7.234523157626249,3.610146087041127,7.968707632507145,-7.186129787310995,29.43678226458473,-2.226270431111189,32.13214773541528,-4.458982902222144
83,83,30.701351666666667,-3.3237533333333333,-3.9133868465401154,0.07424614738292658,0.03408257462747381,-0.08650215731931077,-0.6108652381980153,9.0,-0.724735379935753,-2.5362899856777887,4.307543042745771,-7.003593521147256,3.6221974875657206,9.16628215942144,-7.210118547377926,29.44719576748086,-2.1032645048152507,31.955507565852475,-4.544242161851416
84,84,30.627693333333333,-3.2884183333333334,-3.999889003859426,0.07656551033160564,0.042303714144723295,-0.09219616864082347,-0.6108652381980153,9.0,-0.860296083350169,-2.513179814931083,4.296630915205408,-8.701952539003402,3.589192743278343,10.644763797329137,-7.144421378806974,29.4836700000954,-1.9641409405612706,31.771716666571265,-4.612695726105397
85,85,30.549286666666667,-3.2496333333333336,-4.09208517250025,0.07649927596063798,0.038217862639358974,-0.08093964948716703,-0.6108652381980153,9.0,-0.6868655182870185,-2.556015000051574,4.296942730395792,-6.4683234052882685,3.650367727526601,7.796595081920935,-7.2661924556403195,29.532042472947307,-1.825655015259547,31.566530860386028,-4.67361165140712
86,86,30.47837333333333,-3.2018416666666667,-4.173024821987417,0.0797087010791194,0.03216604153194183,-0.07457582707038757,-0.6108652381980153,9.0,-0.5785513953155862,-2.598108042450142,4.281820840025875,-5.011914428046832,3.7104828221258277,6.274849076674868,-7.385853782786385,29.57958992176525,-1.7002796868969192,31.37715674490141,-4.703403646436414
87,87,30.4157,-3.1430183333333335,-4.247600649057804,0.08893297563630113,0.033392470625476546,-0.07610148239006698,-0.6108652381980153,9.0,-0.6174953626002078,-2.6256403424384405,4.238211441579664,-5.125399501245018,3.749803021475142,6.356731045865003,-7.4641220990745785,29.631291204590653,-1.5786645237095462,31.20010879540935,-4.707372142957121
88,88,30.353195,-3.071483333333333,-4.323702131447871,0.09059158657668187,0.04099280776845451,-0.08111592120044175,-0.6108652381980153,9.0,-0.7327795998817315,-2.603503797783679,4.230345959507077,-6.370705393188357,3.7181887593502863,7.4289860392094065,-7.401192736859908,29.689991300861198,-1.4520201959175385,31.0163986991388,-4.690946470749128
89,89,30.288548333333335,-2.995931666666667,-4.404818052648313,0.09364774126983079,0.03612098227643111,-0.07923881823306012,-0.6108652381980153,9.0,-0.6810913550890001,-2.6289582215981913,4.21583665724517,-5.6513515570924335,3.7545414439837512,6.891096715034055,-7.473554104958276,29.758745542900922,-1.3280560708112596,30.818351123765748,-4.663807262522074
90,90,30.23439666666667,-2.9114200000000006,-4.484056870881373,0.09864993719876965,0.03472386553800354,-0.07782441762990544,-0.6108652381980153,9.0,-0.6616693054950396,-2.655013043597132,4.192039021966028,-5.29723206696577,3.791751586087559,6.510355734561478,-7.547622273978385,29.83827849971096,-1.2068407563719288,30.630514833622378,-4.615999243628073
91,91,30.18788,-2.8177516666666667,-4.5618812885112785,0.10438073818534595,0.039197260232971265,8.881784197001252e-16,-0.6108652381980153,9.0,-0.07552036857948877,-2.834748199875338,4.282978741003144,-0.5877615338139732,4.048439991267761,-0.63342666627872,-8.058570072225141,29.925484817590412,-1.0875352731920702,30.450275182409587,-4.5479680601412635
92,92,30.144061666666666,-2.7152249999999998,-4.561881288511278,0.1087464636100344,0.031649823407972434,-0.07983240073329245,-0.6108652381980153,9.0,-0.6753191077075581,-2.692584367845352,4.1438221944092115,-5.186788450281798,3.8454089979233164,6.692620406577042,-7.654429343888118,29.881666484257075,-0.9850086065254036,30.406456849076257,-4.445441393474596
93,93,30.107588333333332,-2.608,-4.64171368924457,0.11711039514564307,0.027832013420762934,-0.07503547224191465,-0.6108652381980153,9.0,-0.6020017391657869,-2.7478506931270985,4.103877985169634,-4.390850426577472,3.924337490214404,5.7961578477290505,-7.811539437453722,29.984009513124047,-0.8623688032130954,30.231167153542618,-4.353631196786905
94,94,30.083891666666666,-2.4899833333333334,-4.716749161486485,0.13333959925378955,0.03140746989624235,-0.08183489393007992,-0.6108652381980153,9.0,-0.7347172608505237,-2.786284133508414,4.025646035973829,-5.294886583269926,3.9792261314872213,6.884555388472627,-7.920797315258579,30.091521959417943,-0.739999968088815,30.07626137391539,-4.239966698577852
95,95,30.067339999999998,-2.353998333333333,-4.798584055416565,0.1356014059145522,0.04063849208566508,-0.0898003800144922,-0.6108652381980153,9.0,-0.9253349356297379,-2.754768481384572,4.014336291952192,-6.904536711591716,3.9342171157253785,8.399255954805982,-7.831205198744307,30.217994669051908,-0.6104952015056733,29.916685330948088,-4.097501465160994
96,96,30.053330000000003,-2.2131333333333334,-4.888384435431057,0.13740169606319633,0.029019973381587637,-0.08819404628271599,-0.6108652381980153,9.0,-0.794903642392225,-2.7856376276389807,4.005800427665544,-5.78115827967584,3.978302825418443,7.99487256083185,-7.918959440257489,30.359734528796803,-0.49016604846318534,29.746925471203202,-3.9361006182034814
97,97,30.063670000000002,-2.073081666666667,-4.976578481713773,0.13376081862594139,0.031474948777053084,-0.08208220899769714,-0.6108652381980153,9.0,-0.7389440460799586,-2.787111746234174,4.023604090033827,-5.324970822471095,3.9804080849518697,6.9260620197173965,-7.923150037501597,30.520642208036286,-0.3837988599458846,29.606697791963718,-3.762364473387449
98,98,30.082700000000003,-1.9369916666666667,-5.05866069071147,0.13567157509192163,0.03791396621693782,-0.07816523927150953,-0.6108652381980153,9.0,-0.7522362143307271,-2.7983119319839713,4.0145009794935795,-5.3811877393309,3.9964036079055845,6.33103597824675,-7.954989719661249,30.6766380629399,-0.2908636104720095,29.488761937060104,-3.5831197228613236
99,99,30.107866666666666,-1.7983883333333335,-5.1368259299829795,0.1376789267388495,0.04190126822973987,-0.07549533048579349,-0.6108652381980153,9.0,-0.7561950387872532,-2.8094695286375115,4.004960741776039,-5.387843878426932,4.01233830732637,5.961452033127123,-7.986708330320966,30.82853023912034,-0.20366452798699397,29.387203094212992,-3.393112138679673
100,100,30.141354999999997,-1.658425,-5.212321260468773,0.14235708955288104,0.04046777062785629,-0.07666720727817378,-0.6108652381980153,9.0,-0.7677365582852087,-2.827504070250824,3.9824889051437555,-5.413339034830338,4.03809430198393,6.1249611453412625,-8.037976593695374,30.980245688453344,-0.122598703563366,29.30246431154665,-3.194251296436634
101,101,30.189146666666666,-1.5183566666666666,-5.288988467746947,0.14369252659258186,0.0420463071941219,-0.07505345802665708,-0.6108652381980153,9.0,-0.7635265606454109,-2.8360593115882393,3.976240329859687,-5.361560287438274,4.050312452847158,5.900074335851137,-8.062297276500779,31.14320531754616,-0.051294264898424924,29.235088015787174,-2.9854190684349082
102,102,30.247143333333334,-1.3803283333333334,-5.364041925773604,0.1448399148828501,0.04731530365015408,-0.07378622368990229,-0.6108652381980153,9.0,-0.7908975412834539,-2.837017811531686,3.9706301753589712,-5.599805796876038,4.051681332630854,5.7794094793925,-8.065022082520175,31.308520890831026,0.011065816589769017,29.18576577583564,-2.7717224832564358
103,103,30.312286666666665,-1.2425833333333334,-5.437828149463506,0.14941444785471872,0.0467863682074953,-0.07330284295410294,-0.6108652381980153,9.0,-0.7904999399746024,-2.858864362718047,3.948950751845673,-5.524024203752716,4.082881441161844,5.707191428845813,-8.127127056633743,31.47334883555064,0.06678087878888439,29.15122449778269,-2.551947545455551
104,104,30.391143333333332,-1.1073233333333334,-5.511130992417609,0.14963079357791909,0.05045576337433459,-0.07015415886554344,-0.6108652381980153,9.0,-0.7782296790500569,-2.8644040913385145,3.9482912111102877,-5.458846890125736,4.090792993549058,5.308673840442652,-8.142875295320732,31.64498171432734,0.11349168719447889,29.137304952339324,-2.3281383538611458
105,105,30.477596666666667,-0.9751833333333335,-5.5812851512831525,0.1511726964047811,0.05420115748596799,-0.07221293194976397,-0.6108652381980153,9.0,-0.8335412609447704,-2.8585749087986705,3.9402060349213373,-5.937862855044516,4.082468058123844,5.656180928114614,-8.126304202352689,31.81392587979788,0.15473889148221365,29.141267453535455,-2.105105558148881
106,106,30.57227333333333,-0.8454633333333332,-5.6534980832329165,0.153397090207452,0.0536387664981421,-0.07298800424765339,-0.6108652381980153,9.0,-0.8451223564084088,-2.8664699246932237,3.9294942477604184,-5.984374874217633,4.093743309336847,5.7605957175667974,-8.148748008405864,31.986643876858384,0.18509766224560442,29.15790278980828,-1.8760243289122709
107,107,30.678269999999998,-0.7222866666666667,-5.72648608748057,0.15436840879604696,0.05807839110201215,-0.06679745068818832,-0.6108652381980153,9.0,-0.7950872074589899,-2.8837557677484655,3.926007921941726,-5.661760777788122,4.118430051641047,4.962241695695619,-8.197887885282503,32.16402668725058,0.2023900694363696,29.192513312749412,-1.646963402769703
108,108,30.791906666666662,-0.6027483333333334,-5.793283538168758,0.15704932918062733,0.05928684253999119,-0.07360219559030412,-0.6108652381980153,9.0,-0.9001111424372289,-2.8715083601938,3.9114985754760996,-6.4769480826177,4.1009389409540935,5.9439869894237125,-8.163071180226758,32.336070064365984,0.22069529024127688,29.24774326896734,-1.4261919569079438
109,109,30.91530166666667,-0.4889366666666667,-5.866885733759062,0.15753003357956785,0.05970541638258878,-0.06804558068895794,-0.6108652381980153,9.0,-0.828957379659487,-2.890867792326598,3.910536922680831,-5.914899845881905,4.128587075366209,5.157695517228872,-8.21810581801487,32.515836919345595,0.21872632157845606,29.314766413987748,-1.1965996549117894
110,110,31.047061666666664,-0.38396166666666676,-5.93493131444802,0.16032255215570299,0.0624349393435989,-0.0705749591830962,-0.6108652381980153,9.0,-0.8863809817227939,-2.8906676246572656,3.8963062999704525,-6.391216375405169,4.128301206308237,5.556403499003995,-8.217536785044116,32.69200913647812,0.21323831789537306,29.402114196855212,-0.9811616512287066
111,111,31.187710000000003,-0.2848683333333334,-6.005506273631116,0.16311808031490058,0.06349896825009352,-0.07459087069588399,-0.6108652381980153,9.0,-0.9568240141664178,-2.888210911421502,3.881936337573694,-6.926173428738096,4.124792656197444,6.164591520010731,-8.210552885818558,32.870674957410415,0.19484924204676135,29.504745042589587,-0.7645859087134281
112,112,31.337568333333337,-0.19441333333333338,-6.080097144327,0.17566826872705282,0.06760243676735062,-0.07956468750622925,-0.6108652381980153,9.0,-1.0927880067141704,-2.9213244571333945,3.8202902618872483,-7.874068274698078,4.172083700502047,7.010721068426171,-8.304687464851309,33.051603002267235,0.15855288841125986,29.623533664399435,-0.5473795550779266
113,113,31.505843333333335,-0.11007500000000006,-6.15966183183323,0.17628528053619316,0.06927156358731817,-0.0839971424696131,-0.6108652381980153,9.0,-1.1749339669893815,-2.9068576383844613,3.8163246313160326,-8.570681122101037,4.151422942141859,7.77794254935413,-8.26356145845131,33.24250950744801,0.1055417889703826,29.76917715921866,-0.32569178897038276
114,114,31.68087666666667,-0.03769833333333341,-6.243658974302843,0.17398512797373605,0.07301755741726841,-0.08168780940439291,-0.6108652381980153,9.0,-1.1549972420435024,-2.898144769592779,3.82762835063134,-8.603305432769604,4.138979675944013,7.476277472614588,-8.238792675216537,33.42950980502125,0.031454739253583504,29.93224352831209,-0.10685140592025033
115,115,31.859318333333334,0.023628333333333244,-6.325346783707236,0.1630043610388827,0.06972874904526714,-0.07725449700670417,-0.6108652381980153,9.0,-1.0319614259904333,-2.8690541986405798,3.881621881689779,-7.750793923699709,4.097434035023639,6.705871545765194,-8.156094534877424,33.607763172383585,-0.05013239333431283,30.110873494283084,0.09738906000097933
116,116,32.03082333333334,0.0685566666666666,-6.40260128071394,0.16325210901485804,0.07258323309966545,-0.08370820485180808,-0.6108652381980153,9.0,-1.149715009925618,-2.8439033401746214,3.8796427823456168,-8.833404150178515,4.061514886637627,7.850824907371685,-8.08459613677157,33.76836050118619,-0.13992496401073573,30.29328616548049,0.27703829734406893
117,117,32.206163333333336,0.1028416666666666,-6.486309485565748,0.16108078455293331,0.06678716090461863,-0.07844317925357558,-0.6108652381980153,9.0,-1.0273726526923088,-2.8613150424932607,3.8909054872672537,-7.646354668262423,4.08638137459798,6.835183075393712,-8.134093804048561,33.920185288888774,-0.2501862867221622,30.492141377777898,0.4558696200554954
118,118,32.379925,0.11748499999999991,-6.5647526648193235,0.1629303126924019,0.07045594120017475,-0.08384959286446936,-0.6108652381980153,9.0,-1.1386976284428434,-2.8454608888054276,3.881256070707952,-8.657338965878582,4.063739296610117,7.820491007563918,-8.089023907387247,34.061011942293696,-0.36877284564327345,30.698838057706304,0.6037428456432733
119,119,32.55739833333334,0.12116499999999991,-6.648602257683793,0.1601388213976215,0.06336184089322434,-0.07814084746597416,-0.6108652381980153,9.0,-0.9990223813882192,-2.8636357704154256,3.895660308886811,-7.324407069097779,4.08969571755421,6.715131805806362,-8.1406911267244,34.19185432045365,-0.5041778069199929,30.92294234621303,0.7465078069199926
120,120,32.72884833333333,0.10491499999999995,-6.726743105149767,0.16032633339171734,0.0723244308196909,-0.07650395673447541,-0.6108652381980153,9.0,-1.0249179486687308,-2.8555215004815473,3.894552275811585,-7.88083820938082,4.078107339121974,6.656131474785119,-8.11762402931872,34.30950176734119,-0.6461074507690685,31.14819489932548,0.8559374507690685
121,121,32.90334666666667,0.08287666666666657,-6.803247061884242,0.16113615246977395,0.0740828594698968,-0.08296022899570232,-0.6108652381980153,9.0,-1.1383883073398557,-2.8345638373216877,3.8899780132113864,-8.876418945329423,4.048176694254248,7.773385250268813,-8.058045969746711,34.42197653000595,-0.7867573587567424,31.384716803327393,0.9525106920900756
122,122,33.07733666666667,0.0485166666666666,-6.886207290879945,0.15774782459208347,0.06714103979947883,-0.07015431630359004,-0.6108652381980153,9.0,-0.8981166058888268,-2.8734805101107073,3.9082532891488397,-6.699864620044229,4.103755462926921,5.584004729460075,-8.168677571757062,34.51868130657156,-0.9439679070257627,31.635992026761777,1.0410012403590958
123,123,33.240790000000004,-0.0032066666666667187,-6.956361607183535,0.16083651334824337,0.07848456974379482,-0.0776492903553958,-0.6108652381980153,9.0,-1.0701950043070083,-2.8438700938580865,3.891740702090295,-8.57796268647043,4.061467405976937,6.997137958668673,-8.084501624754083,34.609019235564936,-1.0942835470675878,31.87256076443507,1.0878702137342542
124,124,33.410383333333336,-0.060358333333333375,-7.034010897538931,0.1733118362371983,0.07652854827217978,-0.07806299987809773,-0.6108652381980153,9.0,-1.1137635014619858,-2.901489552571256,3.8312775920294864,-8.452286345628215,4.143756521087709,6.9603338700768935,-8.248301162781543,34.68985359741509,-1.2542828884583956,32.130913069251584,1.133566221791729
125,125,33.581725000000006,-0.14120166666666675,-7.112073897417028,0.16883149210957982,0.07304919415363693,-0.07602803463557173,-0.6108652381980153,9.0,-1.049297061521517,-2.8936943496209677,3.853502469448467,-7.889662806361767,4.132623817532105,6.569346649383736,-8.226141103131493,34.764192102632315,-1.4312681576632948,32.3992578973677,1.1488648243299615
126,126,33.74078,-0.23362333333333335,-7.1881019320526,0.17386087556091173,0.07594211755435305,-0.07589817324618053,-0.6108652381980153,9.0,-1.078510351639969,-2.912027911953095,3.829095442144884,-8.131259685941233,4.1588068580332145,6.598340193644546,-8.278259417108533,34.82184450564629,-1.6097772253932847,32.65971549435371,1.1425305587266181
127,127,33.89747833333334,-0.34058333333333346,-7.264000105298781,0.15771394947626985,0.05985524191781421,-0.06906836200281852,-0.6108652381980153,9.0,-0.8438993991264175,-2.8881723315607615,3.9093516963091597,-6.032768275942024,4.124737558446228,5.30166568634001,-8.210443211699646,34.8710832632588,-1.7947475057790898,32.92387340340788,1.113580839112423
128,128,34.02386166666667,-0.45231333333333335,-7.333068467301599,0.15871281185386524,0.0710884737343794,-0.07075839818089769,-0.6108652381980153,9.0,-0.9277194721286858,-2.869439244903116,3.9032390345865275,-7.085819583944495,4.097983938075983,5.749934698588767,-8.157189137314365,34.89478835637497,-1.9702022295157064,33.15293497695837,1.0655755628490398
129,129,34.152915,-0.5688833333333334,-7.403826865482497,0.1601396482018587,0.07510883593090863,-0.07579091412113392,-0.6108652381980153,9.0,-1.025339448263996,-2.852544701731824,3.895427187637034,-8.035480232741515,4.073856029921084,6.611371288116849,-8.109161640554662,34.91434855704743,-2.144547935398789,33.39148144295257,1.006781268732122
130,130,34.27767,-0.6942716666666667,-7.479617779603631,0.1558040377608213,0.06040622804701936,-0.06969291402030642,-0.6108652381980153,9.0,-0.8504458523983311,-2.8770835088551125,3.918184707779997,-6.133541467851535,4.108901078402038,5.3982929184129365,-8.178920110354742,34.917610904150784,-2.323067430166399,33.63772909584922,0.9345240968330654
131,131,34.377246666666665,-0.8284666666666668,-7.549310693623937,0.15569281156317094,0.07664640288218706,-0.07819177518168274,-0.6108652381980153,9.0,-1.0530942880774306,-2.822361310672815,3.9167480782086113,-8.49057015999059,4.030749680143443,7.068324568667406,-8.023356851304916,34.90221041788971,-2.4978716684268223,33.85228291544362,0.8409383350934886
132,132,34.483135000000004,-0.9659533333333334,-7.62750246880562,0.15732875495461826,0.0660940898390391,-0.07400281370830797,-0.6108652381980153,9.0,-0.9467570098680196,-2.860677215980939,3.9096505656457956,-7.056057533769792,4.08547046393576,6.135281053671228,-8.132280602564318,34.8760939982946,-2.671263635201972,34.09017600170541,0.7393569685353052
133,133,34.567681666666665,-1.1141850000000002,-7.701505282513928,0.15154374082598537,0.06566255892245555,-0.07384744218631667,-0.6108652381980153,9.0,-0.9251137015867563,-2.8366955508482508,3.9375515360310094,-7.000914611645721,4.051221096678154,6.1186110207618665,-8.064105965773331,34.83348254549499,-2.8438814741867553,34.30188078783834,0.6155114741867547
134,134,34.64033666666667,-1.2625033333333333,-7.7753527247002445,0.15700492945321137,0.07079074733287753,-0.08018190533554304,-0.6108652381980153,9.0,-1.0635257930117672,-2.8310523771456824,3.910364810775398,-8.216362176346387,4.043161809403132,7.233134331299019,-8.048063655308548,34.777795515654006,-3.0070964276779932,34.502877817679334,0.4820897610113266
135,135,34.706828333333334,-1.4213766666666665,-7.855534630035788,0.15664817371704473,0.059683924845834006,-0.07484908542669721,-0.6108652381980153,9.0,-0.9188810264052395,-2.8650542614272916,3.913167031109059,-6.645685590097969,4.091721532665388,6.137871570615371,-8.14472358689721,34.70411059131849,-3.1713745563449196,34.70954607534818,0.3286212230115868
136,136,34.74937666666666,-1.58352,-7.930383715462485,0.15140210584386027,0.06662549498619885,-0.07901692652406922,-0.6108652381980153,9.0,-1.006047307890342,-2.817234652564228,3.9377524641628727,-7.711753535752957,4.023428053584416,6.960504668893237,-8.008782881875742,34.615803063659484,-3.3284148657668977,34.88295026967384,0.16137486576689763
137,137,34.78745833333333,-1.7444900000000003,-8.009400641986554,0.15438202325449776,0.062312118393019776,-0.08139085607734664,-0.6108652381980153,9.0,-1.0242186606542298,-2.8292134239543905,3.9232314034190767,-7.634417531691821,4.040535512068496,7.235996375681846,-8.042835912981303,34.5165687100032,-3.4733968257057866,35.05834795666347,-0.015583174294214075
138,138,34.80777833333334,-1.9097283333333337,-8.0907914980639,0.15345164711292056,0.06004397595372571,-0.0784428222604241,-0.6108652381980153,9.0,-0.963636760081962,-2.8386576746005403,3.9280674157660633,-7.087430865467342,4.054023299803968,6.7076444186336115,-8.06968385510717,34.39722356986264,-3.610888168913611,35.21833309680404,-0.20856849775305597
139,139,34.81277333333334,-2.0744333333333334,-8.169234320324325,0.1491005453645567,0.06789131702616648,-0.0788983304508406,-0.6108652381980153,9.0,-1.0037673718331426,-2.805578232578319,3.94890148955361,-7.8125647266337195,4.006780960615791,6.985950558354279,-7.975646225416496,34.27017408278242,-3.738189942126092,35.35537258388426,-0.4106767245405747
140,140,34.81378666666667,-2.2382600000000004,-8.248132650775165,0.14106010327479587,0.07819788848878234,-0.07780215888888975,-0.6108652381980153,9.0,-0.993855323633654,-2.7575455301670178,3.9878626068351104,-8.649280945207257,3.938183152408654,7.171821471800765,-7.839099741973336,34.141743893785055,-3.854075122907811,35.48582943954829,-0.6224448770921898
141,141,34.79402666666667,-2.39833,-8.325934809664055,0.13780948428405704,0.08084171860099285,-0.07372021140211515,-0.6108652381980153,9.0,-0.9172796243078095,-2.7529193744021296,4.0037155574253775,-8.365519132710823,3.9315763172741502,6.6082228103414105,-7.825948591406234,33.998429749304286,-3.9570235378975154,35.58962358402905,-0.8396364621024845
142,142,34.76600666666667,-2.555625,-8.39965502106617,0.14242332823009343,0.08976559625105457,-0.06969412925853291,-0.6108652381980153,9.0,-0.8677879551642023,-2.7710273032786175,3.981416592977901,-8.658195668649798,3.9574371198053346,6.180808246608876,-7.87742547874334,33.85776750861321,-4.051486501536269,35.67424582472013,-1.0597634984637305
143,143,34.72957166666667,-2.7199866666666668,-8.469349150324703,0.13996764614888005,0.0825015099416579,-0.06781512480481844,-0.6108652381980153,9.0,-0.8340453707280074,-2.7791459865929733,3.9934901252958683,-7.740667854846824,3.9690318011981027,5.700990996174811,-7.900505122425915,33.71936901007346,-4.148969029263216,35.73977432325989,-1.2910043040701178
144,144,34.67883166666667,-2.8743333333333334,-8.537164275129522,0.13893817024367458,0.08570307103861743,-0.07449502356471704,-0.6108652381980153,9.0,-0.9345613145176747,-2.746870096861637,3.9981920458824507,-8.935004284739565,3.922937053612466,6.882364714641726,-7.808751816416293,33.57411866882995,-4.231576565923064,35.78354466450338,-1.5170901007436022
145,145,34.62051166666667,-3.0268050000000004,-8.611659298694239,0.12413522831803808,0.08485829360296683,-0.061873310483800736,-0.6108652381980153,9.0,-0.6583378366785931,-2.728011043892228,4.070024867988523,-7.295677027687919,3.8960035347051605,5.035644620749184,-7.755139647315535,33.417848182573636,-4.298064432228216,35.82317515075971,-1.7555455677717848
146,146,34.56294,-3.1657150000000005,-8.67353260917804,0.11617246063848892,0.08131330047195282,-0.055399665549696664,-0.6108652381980153,9.0,-0.5338948428707462,-2.722696600815722,4.108458728890945,-6.266470584267877,3.8884137234185046,4.115921312882979,-7.74003184623156,33.283971011866704,-4.360176521939196,35.84190898813329,-1.971253478060805
147,147,34.50206333333334,-3.293785,-8.728932274727736,0.11459150294220274,0.0776237236832091,-0.053613496570971364,-0.6108652381980153,9.0,-0.5151148224536767,-2.7285026466775117,4.116127708976576,-5.771672303119303,3.896705616243073,3.808903014971681,-7.756537166676544,33.15891757452017,-4.415595799815272,35.84520909214651,-2.171974200184728
148,148,34.43396333333334,-3.4142799999999998,-8.782545771298707,0.11015481624006417,0.07859698803747679,-0.052499334036969714,-0.6108652381980153,9.0,-0.4732612841279622,-2.7124168443029766,4.137326241622498,-5.752166887095243,3.873732709645033,3.730873509766862,-7.710808743387005,33.03263209551137,-4.462502668093164,35.83529457115531,-2.366057331906836
149,149,34.36396333333333,-3.5300883333333335,-8.835045105335677,0.10652185549924553,0.07834478911550301,-0.05368055236042224,-0.6108652381980153,9.0,-0.4708812433132797,-2.694213100623043,4.154615084570474,-5.880835825731403,3.8477350693932912,3.9178261382896267,-7.659059475487999,32.9095570963573,-4.503331621440276,35.818369570309365,-2.5568450452263907
150,150,34.29130166666667,-3.640565,-8.8887256576961,0.10327283080941337,0.0777723289833832,-0.05404348063162345,-0.6108652381980153,9.0,-0.4607075055534391,-2.6809183870438633,4.170095063722949,-5.895362893292801,3.828748250694978,3.9883160767173633,-7.621265508118096,32.78677128655963,-4.534370535524904,35.79583204677371,-2.7467594644750957
151,151,34.21575,-3.7454733333333334,-8.942769138327723,0.10189290137705478,0.07654693691940555,-0.05664830788148123,-0.6108652381980153,9.0,-0.49467348444908077,-2.668900597440407,4.176638224418737,-6.100244924298271,3.8115850684273562,4.323710222320738,-7.587101556753043,32.66513537262425,-4.5567034347030795,35.76636462737575,-2.9342432319635874
152,152,34.13568,-3.844621666666667,-8.999417446209204,0.09778596688596851,0.075908834975907,-0.05228120720352614,-0.6108652381980153,9.0,-0.41607698864259385,-2.6680813952477584,4.196235036211259,-5.586818020538628,3.8104151264488064,3.773654303411085,-7.584772743818944,32.54162245431139,-4.566757762588474,35.729737545688614,-3.1224855707448596
153,153,34.05403666666666,-3.9376733333333336,-9.05169865341273,0.09594307337742804,0.07336207290103045,-0.054291237381528745,-0.6108652381980153,9.0,-0.44533592780797293,-2.6585916803542835,4.204975673663853,-5.6170963506742355,3.796862409039139,3.991920831036184,-7.557795556766539,32.42442021302133,-4.575521445354061,35.683653120311995,-3.2998252213126054
154,154,33.96911666666667,-4.023555,-9.105989890794259,0.1021861798707919,0.07614150064972773,-0.06520821584795122,-0.6108652381980153,9.0,-0.6195270539283336,-2.6424481838095546,4.175187544958832,-7.121083350370875,3.7738071066269363,5.5549019234393056,-7.511903121550551,32.30728874796729,-4.572032865215445,35.63094458536605,-3.475077134784555
155,155,33.873673333333336,-4.107995000000001,-9.17119810664221,0.09816768575596731,0.07792078606569906,-0.06713065854671463,-0.6108652381980153,9.0,-0.6184239768219947,-2.617026610070285,4.1943387584990415,-7.5980183003622495,3.737501336762951,5.987007063807832,-7.439635139042211,32.17963737950327,-4.54701913046557,35.5677092871634,-3.6689708695344314
156,156,33.776981666666664,-4.187740000000001,-9.238328765188925,0.09107694333988761,0.0761830237919407,-0.06682236688749654,-0.6108652381980153,9.0,-0.5799163474506611,-2.5932293059339515,4.228045609510529,-7.502306598155923,3.7035152642948104,6.0026374731724745,-7.371984600302604,32.05731153957086,-4.512138911795802,35.49665179376247,-3.863341088204199
157,157,33.682325000000006,-4.259426666666666,-9.305151132076421,0.08511432977522884,0.06681246002159,-0.06566483823905145,-0.6108652381980153,9.0,-0.5672135010013076,-2.590388564403702,4.256292144885657,-6.5994000087564375,3.6994582649407146,5.592642964511882,-7.3639089925009635,31.944831830199497,-4.468274661381928,35.419818169800514,-4.0505786719514045
158,158,33.590093333333336,-4.31601,-9.370815970315473,0.08312069732232787,0.06093180339969929,-0.06809129659941249,-0.6108652381980153,9.0,-0.6020378756323349,-2.584997983913255,4.265715738405709,-6.457389534063021,3.6917597181581,5.820712673188929,-7.348584749376251,31.842640624484694,-4.4103976598796075,35.33754604218198,-4.221622340120393
159,159,33.497366666666665,-4.360993333333333,-9.438907266914885,0.08011157868823984,0.060366088015544946,-0.07244853378598926,-0.6108652381980153,9.0,-0.648850252070203,-2.5603543988197104,4.2799206913420775,-7.089690215798167,3.6565650312277747,6.624117910099136,-7.278528418688428,31.74754134639122,-4.336267870285275,35.247191986942106,-4.385718796381391
160,160,33.404849999999996,-4.399756666666667,-9.511355800700874,0.07621283457142669,0.05789463863518412,-0.0718007909209426,-0.6108652381980153,9.0,-0.6251593398236608,-2.552082647398167,4.298291120032214,-6.8705071227286085,3.6447517459228314,6.52144156373322,-7.255013635804549,31.661404661209627,-4.248434656865939,35.14829533879037,-4.5510786764673945
161,161,33.31425,-4.430608333333334,-9.583156591621817,0.07535727893248641,0.053002462895637245,-0.0756973174768536,-0.6108652381980153,9.0,-0.6722444790208172,-2.544574311734837,4.302317137328288,-7.044579163781788,3.634028731311296,7.1228098311450605,-7.233669077204463,31.586152476299677,-4.15460299175312,35.04234752370032,-4.706613674913547
162,162,33.224334999999996,-4.45069,-9.65885390909867,0.07378963564575383,0.05403999061023485,-0.07764151421510945,-0.6108652381980153,9.0,-0.6940166939659665,-2.530706791889923,4.3096892075580655,-7.4899403965488816,3.614223860486325,7.600595404457888,-7.194246746712065,31.522059101161283,-4.044787592723511,34.92661089883871,-4.856592407276489
163,163,33.13408833333334,-4.465548333333333,-9.73649542331378,0.07186381434618486,0.049787404630480786,-0.0764436456428399,-0.6108652381980153,9.0,-0.6651345896993014,-2.5346964171504416,4.3187370009741075,-6.979044497315295,3.6199216358497828,7.2918613754554755,-7.205588380062506,31.468423915392748,-3.928834213147706,34.79975275127393,-5.002262453518959
164,164,33.04681666666667,-4.47073,-9.81293906895662,0.0696266610108406,0.04329368582181435,-0.07531457410635056,-0.6108652381980153,9.0,-0.6267967900995478,-2.5410055243540652,4.329235478039466,-6.310363792665184,3.6289319747269597,6.968528222044307,-7.2235237940424195,31.427005079869534,-3.808377810241609,34.66662825346381,-5.13308218975839
165,165,32.96501,-4.465263333333334,-9.88825364306297,0.0704991183216219,0.04011559698458291,-0.08054329169426389,-0.6108652381980153,9.0,-0.6803735501335445,-2.5324196232787344,4.325142756932878,-6.790115691934608,3.6166700372201417,8.000027116584294,-7.199115952297679,31.399627884952654,-3.682908660636925,34.53039211504734,-5.247618006029742
166,166,32.885221666666666,-4.450661666666667,-9.968796934757234,0.06954249530500162,0.041832309842435744,-0.07875384334712443,-0.6108652381980153,9.0,-0.6636817148308406,-2.5319569078443895,4.329630196591167,-6.704092413153016,3.616009211094893,7.673398311252199,-7.197800553366892,31.38785961019922,-3.5448985233164927,34.38258372313411,-5.356424810016842
167,167,32.80634166666667,-4.431581666666666,-10.047550778104359,0.06619306618296898,0.03492608183113827,-0.07804512055541402,-0.6108652381980153,9.0,-0.6141840580429795,-2.533380762736109,4.3453235071884775,-6.10287830071094,3.6180426866203925,7.547480654661186,-7.201848261878748,31.384879271858075,-3.4108247611573193,34.22780406147526,-5.452338572176013
168,168,32.736621666666665,-4.40437,-10.125595898659773,0.07120342335328667,0.03258813596311883,-0.08019802693342193,-0.6108652381980153,9.0,-0.6331314900756373,-2.548095448916792,4.321837413153763,-6.025049419552228,3.639057436359171,7.773356372567192,-7.2436789012572484,31.39907041414854,-3.275894636118629,34.07417291918479,-5.532845363881371
169,169,32.668144999999996,-4.366385,-10.205793925593195,0.07355796495008926,0.03730132039904424,-0.08055819331206138,-0.6108652381980153,9.0,-0.6712634893867333,-2.5479878589839853,4.310778134270719,-6.425274776909771,3.6389037820110866,7.816924048329089,-7.243373046574059,31.425297337847695,-3.134382691283593,33.910992662152296,-5.598387308716408
170,170,32.597685,-4.323518333333333,-10.286352118905256,0.07576031282528961,0.03528021401030839,-0.08049899411286887,-0.6108652381980153,9.0,-0.6617378610433765,-2.559407767705981,4.300420779075936,-6.161690901751462,3.6552131018895824,7.678681575520143,-7.2758373531599725,31.45800853154618,-2.9954981726231753,33.73736146845381,-5.651538494043491
171,171,32.531695000000006,-4.272238333333334,-10.366851113018125,0.08566487976682945,0.02733655554343092,-0.08254741237629659,-0.6108652381980153,9.0,-0.6392166534131362,-2.601537895504083,4.253686466760743,-5.468947742643568,3.715381159928232,7.673211186330528,-7.395604105998102,31.502498006181604,-2.856874935503941,33.56089199381841,-5.687601731162728
172,172,32.47357666666667,-4.203623333333334,-10.449398525394422,0.09382449591835153,0.033710675882359285,-0.08871240683574833,-0.6108652381980153,9.0,-0.7791166860559275,-2.602206327319268,4.214995661680266,-6.683638633323416,3.7163357794927308,8.843731226340815,-7.397504311674715,31.564586139717086,-2.70821829725919,33.38256719361626,-5.699028369407477
173,173,32.41274666666667,-4.124635,-10.53811093223017,0.09773378452764946,0.04886890019580396,-0.08682331099419649,-0.6108652381980153,9.0,-0.8735510149680358,-2.5994376563548194,4.19639815649022,-7.756014746375487,3.7123817075735293,8.617802667162445,-7.3896335847526835,31.639817666626033,-2.5545774338909792,33.185675666707304,-5.69469256610902
174,174,32.34350666666667,-4.040101666666667,-10.624934243224367,0.09548788189617984,0.037040100715060524,-0.07877018669784164,-0.6108652381980153,9.0,-0.6851097047036804,-2.636106182643642,4.207089020969192,-5.640091517515893,3.7647497903030818,6.780376839649685,-7.493874197219321,31.70963551144934,-2.408934183364156,32.977377821884,-5.671269149969177
175,175,32.293881666666664,-3.9505066666666666,-10.703704429922208,0.1056601211188053,0.03483754898163912,-0.07605526820434427,-0.6108652381980153,9.0,-0.6527406650113853,-2.6880478978510003,4.158595424382324,-5.037542399513634,3.8389302473432374,6.108047689026122,-7.641533150380828,31.790330535021205,-2.274518522967978,32.79743279831212,-5.626494810365355
176,176,32.25308,-3.847003333333334,-10.779759698126552,0.10974267109646407,0.04038029413589904,0.0,-0.6108652381980153,9.0,-0.08406517719839465,-2.8467402346112087,4.266075587937195,-0.6288334301909312,4.0655663917725775,-0.6832736857629641,-8.092660808126066,31.87832941385926,-2.1375993441642516,32.62783058614073,-5.556407322502417
177,177,32.21479666666667,-3.736511666666667,-10.779759698126552,0.11468446426875681,0.03184284430081761,-0.07852405176359767,-0.6108652381980153,9.0,-0.670686250398,-2.7203174747182257,4.115382916316124,-5.024988877878755,3.8850159792245766,6.409790166100172,-7.733268510296403,31.840046080525934,-2.0271076774975842,32.58954725280741,-5.4459156558357495
178,178,32.185143333333336,-3.621241666666667,-10.85828374989015,0.12110426968699765,0.0288809991309402,-0.07477662366928861,-0.6108652381980153,9.0,-0.6138554402335139,-2.7632896120443062,4.084768131890616,-4.432944361056253,3.9463865514922674,5.750319483248066,-7.855428912342247,31.945638940959547,-1.8877083828691907,32.424647725707125,-5.354774950464144
179,179,32.16819666666667,-3.4979,-10.933060373559439,0.1272633643145681,0.03147076624961027,-0.07995275527692058,-0.6108652381980153,9.0,-0.7034472039840288,-2.7672917242940387,4.054950711565452,-5.111034107962997,3.9521021601244812,6.582909884570411,-7.866806043476081,32.05886855848677,-1.7513183772975838,32.27752477484656,-5.244481622702416
180,180,32.159016666666666,-3.3671249999999997,-11.01301312883636,0.12948756004178005,0.035800399865607443,-0.0783189790251626,-0.6108652381980153,9.0,-0.7254306356852905,-2.7752966964950705,4.044256389072349,-5.24927555617253,3.9635344452174106,6.344033518272993,-7.889562431296016,32.18953309209671,-1.6173910922931816,32.12850024123662,-5.116858907706818
181,181,32.15667333333334,-3.2328,-11.091332107861522,0.1356948159136561,0.03593078428254788,-0.07534699768961062,-0.6108652381980153,9.0,-0.7024424443509913,-2.81079138162591,4.014728058517494,-4.963021035000693,4.014226109036958,5.877339791886042,-7.990466069697133,32.323993536258676,-1.4908172361090877,31.989353130408,-4.974782763890913
182,182,32.166738333333335,-3.09279,-11.166679105551133,0.14137328194100682,0.03584541765857375,-0.07712215462177596,-0.6108652381980153,9.0,-0.7324301362598712,-2.828869863697824,3.9873899147434533,-5.141303899338286,4.0400448571728855,6.153651946709332,-8.04185924619951,32.464712823730174,-1.3683448129694749,31.86876384293649,-4.817235187030525
183,183,32.189635,-2.9487516666666664,-11.243801260172908,0.1563235712427558,0.04876453784963629,-0.08629559831864775,-0.6108652381980153,9.0,-0.9935369873423395,-2.8426804109305706,3.9138278555072183,-7.108824913506759,4.059768362675349,7.802448281418713,-8.081119615997347,32.6195849102822,-1.2523899497417845,31.75968508971781,-4.645113383591548
184,184,32.219065,-2.787665,-11.330096858491556,0.15792764691280375,0.04116858222974081,-0.08217370837663118,-0.6108652381980153,9.0,-0.8729824140144199,-2.8750084386508457,3.907072547151374,-6.071623114494612,4.105937571025964,7.025837566834783,-8.173021138923488,32.793621926095355,-1.1346724595825124,31.644508073904646,-4.4406575404174875
185,185,32.269531666666666,-2.632458333333333,-11.412270566868187,0.16217015283478337,0.0478680277091646,-0.07670603408710264,-0.6108652381980153,9.0,-0.8696175343326624,-2.9010809339462655,3.8874941033956523,-5.99218104990976,4.143172953212912,6.2513667548488225,-8.247139549265944,32.97782954096201,-1.0322039406605015,31.56123379237132,-4.232712726006165
186,186,32.329813333333334,-2.4744816666666667,-11.48897660095529,0.1522486615252478,0.0472876340412069,-0.06836824349510451,-0.6108652381980153,9.0,-0.7398989395874015,-2.885886524559947,3.9368903687139896,-5.084366241204579,4.121473087734217,5.033678715636895,-8.20394516157708,33.158657313216274,-0.9332102249628351,31.500969353450394,-4.0157531083704985
187,187,32.395853333333335,-2.32938,-11.557344844450395,0.15316207072631846,0.05046747042780466,-0.07095640343090004,-0.6108652381980153,9.0,-0.7962458458018572,-2.876849759844931,3.931388323773164,-5.551410705077755,4.108567250219069,5.426268915352301,-8.178255612965541,33.32805291967258,-0.8483317458134809,31.463653746994087,-3.810428254186519
188,188,32.470081666666665,-2.1862166666666667,-11.628301247881295,0.1584250974062945,0.049535808856114985,-0.07139612204183798,-0.6108652381980153,9.0,-0.8067657207120081,-2.899326213888242,3.9065945272311984,-5.55254385276306,4.140666953259655,5.489364335648888,-8.24215126334152,33.50493720802027,-0.7749852864423872,31.435226125313054,-3.597448046890946
189,189,32.558890000000005,-2.045983333333333,-11.699697369923133,0.15891081895222375,0.05212236894973713,-0.06744268114432472,-0.6108652381980153,9.0,-0.7769041729644134,-2.9099007953501466,3.9054351757821237,-5.3401989285446785,4.1557690206966065,4.979931730309228,-8.27221248913186,33.69177999224062,-0.7121691538161639,31.42600000775939,-3.3797975128505025
190,190,32.65634,-1.9100683333333333,-11.767140051067457,0.16391497619380277,0.058315794829595285,-0.07179461984546087,-0.6108652381980153,9.0,-0.8868346271626696,-2.9086604851301647,3.879417208833638,-6.229890206515131,4.153997674128197,5.6686394377874665,-8.26868655803877,33.876542310539335,-0.6556336712825461,31.43613768946067,-3.1645029953841206
191,191,32.763643333333334,-1.77312,-11.838934670912918,0.1654093991417875,0.05534978751837819,-0.0686436901051497,-0.6108652381980153,9.0,-0.8292551661046982,-2.9292816263776156,3.8741322122202284,-5.705162040527767,4.183447715897492,5.1942368947887365,-8.327307959304372,34.07068655753101,-0.6094456425962906,31.456600109135657,-2.936794357403709
192,192,32.88321333333333,-1.6461283333333334,-11.907578361018068,0.1670435289077481,0.05889877408686133,-0.0670539772119092,-0.6108652381980153,9.0,-0.8357973300228041,-2.9360004292638733,3.8666094660443995,-5.79767037218516,4.193043160847194,5.023642439307752,-8.346408048639558,34.26699458705713,-0.5748443178441669,31.499432079609534,-2.7174123488225
193,193,33.01124166666666,-1.52373,-11.974632338229977,0.17070831701148287,0.0621589970496584,-0.07285055257523432,-0.6108652381980153,9.0,-0.9445962721607648,-2.929208971625069,3.846470323933865,-6.654076109235346,4.183343954157462,5.886078610328032,-8.327101417709423,34.463693218118564,-0.54757197453232,31.55879011521476,-2.49988802546768
194,194,33.149478333333334,-1.40585,-12.047482890805211,0.17136090398575515,0.06325265702954255,-0.06844727516408966,-0.6108652381980153,9.0,-0.8924670754436177,-2.944097607005702,3.8450282382769783,-6.268428940399275,4.204607129099422,5.275135756123785,-8.369426556675881,34.66912812727266,-0.5379994922625333,31.629828539394012,-2.273700507737467
195,195,33.29624833333334,-1.2971116666666669,-12.115930165969301,0.17279608642760397,0.06771847488169407,-0.07394952564225754,-0.6108652381980153,9.0,-1.0010578138810757,-2.9264772537036934,3.8354955520287914,-7.214056892949426,4.179442656653067,6.139566254697913,-8.319335740218941,34.871695344843566,-0.5352280049941744,31.720801321823107,-2.0589953283391593
196,196,33.45055833333333,-1.1939966666666666,-12.189879691611559,0.17242942125078475,0.06802756449824658,-0.07426969155729424,-0.6108652381980153,9.0,-1.0065008478673472,-2.9233458243903927,3.8371112220013828,-7.27418018668446,4.174970512121023,6.193407956692471,-8.310433770531276,35.07798921512271,-0.5505926528477851,31.823127451543954,-1.837400680485548
197,197,33.61165833333333,-1.10231,-12.264149383168853,0.17145114089960314,0.07074785806182,-0.07735498791922524,-0.6108652381980153,9.0,-1.06572264795515,-2.9046979408468663,3.840794261859419,-7.860212948686398,4.148338574408377,6.724756987097368,-8.257421909992548,35.282344333207625,-0.5814373765842274,31.940972333459037,-1.6231826234157722
198,198,33.77795833333333,-1.0201816666666665,-12.341504371088078,0.17112650199439952,0.07394001332646312,-0.07829041068874787,-0.6108652381980153,9.0,-1.0967716781338397,-2.8950672793440715,3.841967153320716,-8.249920531599132,4.134584564379552,6.9446649281786375,-8.230044042510151,35.483900228904,-0.629973710652507,32.07201643776266,-1.4103896226808261
199,199,33.949815,-0.9479550000000001,-12.419794781776826,0.0,0.0,0.0,-0.6108652381980153,9.0,-0.0,-0.0005144557690690436,4.64953097396112,0.0,0.0007347189811529362,-0.0,-0.0014624854032134777,35.68104971761416,-0.6923647957130706,32.218580282385844,-1.2035452042869297
200,200,33.949815,-0.9479550000000001,-12.419794781776826,0.0,0.0,0.0,-0.6108652381980153,9.0,-0.0,-0.0005144557690690436,4.64953097396112,0.0,0.0007347189811529362,-0.0,-0.0014624854032134777,35.68104971761416,-0.6923647957130706,32.218580282385844,-1.2035452042869297
